Id_user;Login;Password
1;qwerty;134561
2;qazxsw;134fdhs
3;123456;12q5eyhv
4;login;3q54y
5;slavik;qwe5v
6;monster;3qw456y
7;йцукен;25ey
8;КтоЗдесь;23q54v
9;KingOfTheDark;ervyhf
10;petrushka;wesrvh
11;operatciya;sfdv45
12;terokk;weryw
13;three;452y245y
14;dadenBaden;wbdfcwerty
15;человек;gwrtsse54
16;Vikula;qtq4we5yh
17;janeQQ;b24w5
18;123;2h45wy
19;067443;w45h
20;wrum;qw45eh
21;opachki;245yh2w45h
22;ilova;6w245hwb
23;ggggggg;2hghwrtty
24;edcxsdf;astg5ws5erh
25;142536;b54srtdcukg
26;trip;w45eyh
27;qastorka;ed5t76ykjm
28;rtyu;ew6rhjsryf
29;trigger;sr6ww46
30;rota;46ryu
