Id;Name;Lastname;Birthday;Email;Is_active;Reg_date;Last_update
1;Петр;Карапетян;1974-06-13;karapet@yandex.ru;1;2014-12-11;2015-08-21
2;Валерия;Попова;1991-08-17;popovale@gmail.com;1;2015-07-27;2015-08-21
3;Антон;Рязанов;1979-11-29;qwerty@rambler.ru;1;2015-06-09;2015-08-21
4;Анна;Виктюк;1987-08-21;whoareyou@mail.ru;1;2014-04-15;2015-08-22
5;Вячеслав;Серый;1990-08-21;koshka@yandex.ru;0;2015-06-07;2015-08-22
6;Андрей;Андреев;1988-03-03;andrushka@mail.ru;1;2015-01-01;2015-08-22
7;Ирина;Скорая;1991-02-21;speedy@gmail.com;1;2014-04-30;2015-08-22
8;Константин;Иванов;1989-08-23;vano89@mail.ru;1;2015-08-11;2015-08-22
9;Изя;Немирович;1980-10-10;moneymaker@gmail.com;0;2015-08-22;2015-08-22
10;Инга;Петрова;1970-08-11;petros1970@yandex.ru;1;2015-08-22;2015-08-22
11;Игорь;Смирнов;1987-01-31;smirigo@mail.ru;1;2015-08-04;2015-08-04
12;Алёна;Алабина;1982-03-21;alalaba@mail.ru;1;2015-07-30;2015-07-30
13;Виктор;Иванович;1978-08-04;vitekqqq@yandex.ru;1;2015-08-05;2015-08-05
14;Наталья;Нилова;1981-07-16;nilovanata@rambler.ru;0;2015-08-14;2015-08-20
15;Наталья;Орехова;1978-04-21;natalinats@mail.ru;1;2015-03-22;2015-03-22
16;Виктория;Сысоева;1989-02-05;sysovik@gmail.com;1;2015-08-20;2015-08-20
17;Яна;Варина;1994-03-01;janevar@mail.ru;1;2015-04-01;2015-04-02
18;Артём;Васьков;1993-02-04;temavasko@mail.ru;1;2015-05-12;2015-05-12
19;Максим;Ололоев;1988-03-23;makolo88@gmail.com;1;2015-02-20;2015-02-24
20;Антон;Ушаков;1990-01-11;anthonyshakov@yandex.ru;1;2015-07-31;2015-07-31
21;Игорь;Антонов;1976-09-03;qazxswedc@mail.ru;0;2015-08-19;2015-08-19
22;Екатерина;Илова;1987-08-04;lillykate@mail.ru;1;2015-07-22;2015-08-14
23;Андрей;Вашин;1979-04-20;ninashimnovashin@gmail.com;0;2015-08-01;2015-08-01
24;Виктор;Пименов;1980-04-30;vitunya@gmail.com;1;2015-08-12;2015-08-12
25;Олег;Орский;1983-03-10;olega1983@mail.ru;1;2015-08-03;2015-08-03
26;Алёна;Теплинская;1984-06-25;teplo84@mail.ru;1;2015-08-05;2015-08-05
27;Екатерина;Токарева;1986-10-15;tokarevakate@yandex.ru;1;2015-07-31;2015-08-05
28;Анна;Родина;1979-11-23;annushkaumaslo@yandex.ru;1;2015-03-20;2015-03-26
29;Ольга;Вираскина;1980-12-17;tsukerbergpozvonit@mail.ru;1;2015-02-01;2015-02-06
30;Анна;Опорова;1979-09-09;oporann@gmail.com;0;2015-08-17;2015-08-19
